"Sr. no",Reference,Creator,"First name","Middle name","Last name",Email,DOB,Mobile,"National insurance number","Document type",Status,"Reference form","Tenancy address","Created at"
1,BL00AFMike_2025-04-01,"Test Agency",Finding,,Nemo,nemo123@yopmail.com,2000-04-04,1234567890,as099090,Passport,"Awaiting Tenancy Agreement Signing",,"11 Croft End Place, Ramsbottom, Bury, Lancashire, Bury, England, BL00AF",2024-04-18
2,45345sdfs_2024-05-01,"Test Agency",New,,Applicant2,newapplicant1123@yopmail.com,1999-04-30,1234567890,,Passport,"Stalled at Awaiting Tenancy Agreement Signing",,"Apartment 1005 Wiverton Tower 4 New Drum Street London, London, India, e17as",2024-04-19
3,BL00AFMike_2025-04-01,"Test Agency",Rocky,,Rockstar,rockyrockstar123@yopmail.com,2000-02-17,1234567890,JT012345D,Passport,"Application Complete",,"11 Croft End Place, Ramsbottom, Bury, Lancashire, Bury, England, BL00AF",2024-04-18
4,4534534343asdfa_2024-07-01,"Test Agency",Applicant,New,Two,apptwonew@yopmail.com,2000-03-09,1234543799,,Passport,"Tenancy Expired",,"Apartment 1005 Wiverton Tower 4 New Drum Street London, London, India, e17as",2024-04-22
5,JacksPROP123_2024-05-01,"Test Agency",Test2,,Applicant2,test2app2@yopmail.com,2000-09-12,1234567890,,Passport,"Application Complete",,"Magners Gb Ltd, Pavilion 2, The Pavilions, Bridgwater Road, Bristol, Bristol, England, BS996ZZ",2024-04-26
6,JacksPROP123_2024-05-01,"Test Agency",Test3,,Applicant3,test3app3@yopmail.com,2001-06-08,7283084489,GB568432,Passport,"Application Complete",,"Magners Gb Ltd, Pavilion 2, The Pavilions, Bridgwater Road, Bristol, Bristol, England, BS996ZZ",2024-04-26
7,45345sdfs_2024-05-01,"Test Agency",New,,Applicant,newapplicant123@yopmail.com,2000-02-12,1234567890,,Passport,"Stalled at Awaiting Tenancy Agreement Signing",,"Apartment 1005 Wiverton Tower 4 New Drum Street London, London, India, e17as",2024-04-19
8,BL00AFMike_2024-05-01,"Test Agency",Rocky,,Rockstar,rockyrockstar123@yopmail.com,2000-02-17,1234567890,JT012345D,Passport,"Application Cancelled",,"11 Croft End Place, Ramsbottom, Bury, Lancashire, Bury, England, BL00AF",2024-04-17
9,BL00AFMike_2024-05-01,"Test Agency",Finding,,Nemo,nemo123@yopmail.com,2000-04-04,1234567890,as099090,Passport,"Application Cancelled",,"11 Croft End Place, Ramsbottom, Bury, Lancashire, Bury, England, BL00AF",2024-04-18
10,aajjproproerty_2024-04-19,"Test Agency",ashu,,dhanush,petersosdfsdfn@yopmail.com,1997-01-21,6399505395,,Passport,"Failed Review",,"Apartment 1005 Wiverton Tower 4 New Drum Street London, London, India, e17as",2024-04-19
11,"test property today_2024-05-01","Test Agency",applicant1,,test,applicant1.test1.test@yopmail.com,1998-08-07,1234567890,,Passport,"Awaiting Tenancy Agreement Signing",,"Ross Vale Tyres, 2 Waterside Park, Harrison Street, Ramsbottom, Bury, Lancashire, Bury, England, Bl00AD",2024-04-25
12,"test property today_2024-05-01","Test Agency",applicant2,,test,applicant2.test2.test@yopmail.com,1996-08-07,1234567890,,Passport,"Awaiting Tenancy Agreement Signing",,"Ross Vale Tyres, 2 Waterside Park, Harrison Street, Ramsbottom, Bury, Lancashire, Bury, England, Bl00AD",2024-04-25
13,4534534343asdfa_2024-07-01,"Test Agency",Applicant,New,One,apponenew@yopmail.com,2001-09-02,1234567890,,Passport,"Tenancy Expired",,"Apartment 1005 Wiverton Tower 4 New Drum Street London, London, India, e17as",2024-04-22
